,ID,A,C,D,AIC,BIC,chi-squared
0,808,-5288.37181781,-0.159589510588,0.000168695451638,-51.8891560426,-50.2975749514,0.047521480061
