,ID,B0,E,Eh,El,Th,Tl,AIC,BIC,chi-squared
0,808,3.15875331003e-07,2.00624430154,2.27992872322,0.000649813322548,295.710579611,317.530341771,-45.8466031525,-43.4592315157,0.0572179950114
