,B0,E,Eh,El,Th,Tl
0,6.71296296296e-07,-0.836930970118,0.725732105198,-0.418465485059,38.9217578753,38.0289107341
